date,expday,site,lem_field,lem_add,trtname,rep,nh3_mgkg_dry,tin_mgkg_dry,no3_mgkg_dry
11/13/2024,7,hort,0,y,Hort0Yes,1,0.69086944,42.71908752,42.02821808
11/13/2024,7,hort,0,y,Hort0Yes,2,0.722804006,43.57155937,42.84875536
11/13/2024,7,hort,0,y,Hort0Yes,3,0.814117986,40.7282705,39.91512518
11/13/2024,7,hort,0,y,Hort0Yes,4,0.574687685,39.74439409,39.1697064
11/13/2024,7,hort,0,n,Hort0No,1,0.555980577,42.77113444,42.21515387
11/13/2024,7,hort,0,n,Hort0No,2,0.491986379,37.19455165,36.70161181
11/13/2024,7,hort,0,n,Hort0No,3,0.509398773,41.73737423,41.22797546
11/13/2024,7,hort,0,n,Hort0No,4,0.740475328,43.49649285,42.75601752
11/13/2024,7,hort,1.8,y,Hort1.8Yes,1,0.60889641,33.23669538,32.62779897
11/13/2024,7,hort,1.8,y,Hort1.8Yes,2,0.976347149,32.13558053,31.15923338
11/13/2024,7,hort,1.8,y,Hort1.8Yes,3,0.85211562,34.36205781,33.50994219
11/13/2024,7,hort,1.8,y,Hort1.8Yes,4,0.767821154,33.50963942,32.74181827
11/13/2024,7,hort,1.8,n,Hort1.8No,1,0.85007345,40.7365614,39.88648795
11/13/2024,7,hort,1.8,n,Hort1.8No,2,0.760245643,41.19581079,40.43556515
11/13/2024,7,hort,1.8,n,Hort1.8No,3,0.867557377,40.97561639,40.10805902
11/13/2024,7,hort,1.8,n,Hort1.8No,4,0.786456527,39.03532455,38.24886802
11/13/2024,7,hort,3.6,y,Hort3.6Yes,1,0.862826906,4.186816143,3.323989238
11/13/2024,7,hort,3.6,y,Hort3.6Yes,2,0.948179209,4.44937511,3.502177452
11/13/2024,7,hort,3.6,y,Hort3.6Yes,3,1.041271233,4.423943014,3.382671781
11/13/2024,7,hort,3.6,y,Hort3.6Yes,4,0.804408983,5.414592338,4.610183355
11/13/2024,7,hort,3.6,n,Hort3.6No,1,0.945007242,42.66668969,41.72168245
11/13/2024,7,hort,3.6,n,Hort3.6No,2,0.717457297,47.26732108,46.54986378
11/13/2024,7,hort,3.6,n,Hort3.6No,3,1.176575637,46.9291694,45.75259377
11/13/2024,7,hort,3.6,n,Hort3.6No,4,0.851890379,47.19744373,46.34555335
11/13/2024,7,bcbf,0,y,BCBF0Yes,1,0.737169892,54.45032504,53.71416774
11/13/2024,7,bcbf,0,y,BCBF0Yes,2,0.983,60.48895567,59.50595567
11/13/2024,7,bcbf,0,y,BCBF0Yes,3,0.982933333,57.81370667,56.83077333
11/13/2024,7,bcbf,0,y,BCBF0Yes,4,1.02371497,61.6651976,60.64249222
11/13/2024,7,bcbf,0,n,BCBF0No,1,0.760711388,55.41782465,54.65711326
11/13/2024,7,bcbf,0,n,BCBF0No,2,0.861767608,60.47486716,59.61309956
11/13/2024,7,bcbf,0,n,BCBF0No,3,0.751091703,65.28088501,64.5297933
11/13/2024,7,bcbf,0,n,BCBF0No,4,0.924283871,69.23026237,68.3069788
11/13/2024,7,bcbf,1.8,y,BCBF1.8Yes,1,1.021513017,56.766351,55.74381133
11/13/2024,7,bcbf,1.8,y,BCBF1.8Yes,2,0.980285251,57.27401621,56.29373095
11/13/2024,7,bcbf,1.8,y,BCBF1.8Yes,3,0.921235088,55.17866199,54.25846433
11/13/2024,7,bcbf,1.8,y,BCBF1.8Yes,4,0.942893271,58.73688639,57.79399312
11/13/2024,7,bcbf,1.8,n,BCBF1.8No,1,1.057777108,63.10724699,62.04946988
11/13/2024,7,bcbf,1.8,n,BCBF1.8No,2,0.998450949,65.66008455,64.66163361
11/13/2024,7,bcbf,1.8,n,BCBF1.8No,3,1.0154684,72.12586736,71.11039896
11/13/2024,7,bcbf,1.8,n,BCBF1.8No,4,0.856463348,70.47805249,69.62260995
11/13/2024,7,bcbf,3.6,y,BCBF3.6Yes,1,0.803562222,44.88939333,44.08686
11/13/2024,7,bcbf,3.6,y,BCBF3.6Yes,2,1.180683812,50.54564115,49.36495734
11/13/2024,7,bcbf,3.6,y,BCBF3.6Yes,3,0.977431063,56.76705831,55.78962725
11/13/2024,7,bcbf,3.6,y,BCBF3.6Yes,4,0.92955205,43.19797855,42.26739937
11/13/2024,7,bcbf,3.6,n,BCBF3.6No,1,1.415614948,68.54577937,67.13016443
11/13/2024,7,bcbf,3.6,n,BCBF3.6No,2,0.937324138,74.17033731,73.23301317
11/13/2024,7,bcbf,3.6,n,BCBF3.6No,3,0.888584569,70.75596369,69.86737912
11/13/2024,7,bcbf,3.6,n,BCBF3.6No,4,0.915662442,68.75894034,67.8432779
11/13/2024,7,paul,0,y,Paul0Yes,1,0.825979562,49.63296351,48.80698394
11/13/2024,7,paul,0,y,Paul0Yes,2,1.130846582,52.20989063,51.07904405
11/13/2024,7,paul,0,y,Paul0Yes,3,0.765208012,51.88900216,51.12379415
11/13/2024,7,paul,0,y,Paul0Yes,4,0.580463785,53.96832429,53.38687332
11/13/2024,7,paul,0,n,Paul0No,1,0.669349341,51.92155432,51.25220498
11/13/2024,7,paul,0,n,Paul0No,2,0.601759336,56.2206805,55.61794744
11/13/2024,7,paul,0,n,Paul0No,3,0.593681529,50.80356688,50.20988535
11/13/2024,7,paul,0,n,Paul0No,4,0.494034286,52.67383772,52.17882514
11/13/2024,7,paul,1.8,y,Paul1.8Yes,1,0.631660322,20.99139092,20.3597306
11/13/2024,7,paul,1.8,y,Paul1.8Yes,2,0.481292217,15.88064611,15.39935389
11/13/2024,7,paul,1.8,y,Paul1.8Yes,3,0.88071086,14.28235938,13.40164852
11/13/2024,7,paul,1.8,y,Paul1.8Yes,4,0.641240356,23.50388724,22.86363798
11/13/2024,7,paul,1.8,n,Paul1.8No,1,0.471207273,40.23017455,39.75896727
11/13/2024,7,paul,1.8,n,Paul1.8No,2,0.703817798,42.03871493,41.33489713
11/13/2024,7,paul,1.8,n,Paul1.8No,3,0.457899281,36.94405755,36.48615827
11/13/2024,7,paul,1.8,n,Paul1.8No,4,0.976511628,42.82023256,41.84372093
11/13/2024,7,paul,3.6,y,Paul3.6Yes,1,0.779633466,38.66573705,37.88610358
11/13/2024,7,paul,3.6,y,Paul3.6Yes,2,0.73932149,40.14769284,39.40837135
11/13/2024,7,paul,3.6,y,Paul3.6Yes,3,0.718607493,40.16195735,39.44237349
11/13/2024,7,paul,3.6,y,Paul3.6Yes,4,0.744639517,41.29613997,40.55150045
11/13/2024,7,paul,3.6,n,Paul3.6No,1,0.575967911,54.50541079,53.92944288
11/13/2024,7,paul,3.6,n,Paul3.6No,2,0.501482081,53.55867052,53.05718844
11/13/2024,7,paul,3.6,n,Paul3.6No,3,0.578461538,53.30426667,52.72580513
11/13/2024,7,paul,3.6,n,Paul3.6No,4,0.739954866,53.2728914,52.53293653
11/5/2024,0,hort,0,y,Hort0Yes,1,0.046123386,28.92819512,28.88207174
11/5/2024,0,hort,0,y,Hort0Yes,2,-0.090472103,33.14391988,33.23439199
11/5/2024,0,hort,0,y,Hort0Yes,3,-0.043769784,28.11673669,28.16050647
11/5/2024,0,hort,0,y,Hort0Yes,4,-0.010642365,31.67844926,31.68812414
11/5/2024,0,hort,0,n,Hort0No,1,0.045131411,28.30603702,28.26090561
11/5/2024,0,hort,0,n,Hort0No,2,-0.088671964,32.48444949,32.57312145
11/5/2024,0,hort,0,n,Hort0No,3,-0.042846626,27.52372025,27.56656687
11/5/2024,0,hort,0,n,Hort0No,4,-0.01048292,31.20384,31.21336993
11/5/2024,0,hort,1.8,y,Hort1.8Yes,1,0.049955897,29.95751487,29.90755897
11/5/2024,0,hort,1.8,y,Hort1.8Yes,2,0.035811961,28.62318109,28.58736912
11/5/2024,0,hort,1.8,y,Hort1.8Yes,3,0,26.51749839,26.51749839
11/5/2024,0,hort,1.8,y,Hort1.8Yes,4,0.0367875,28.46786539,28.43013462
11/5/2024,0,hort,1.8,n,Hort1.8No,1,0.049293099,29.56004865,29.51075556
11/5/2024,0,hort,1.8,n,Hort1.8No,2,0.035403596,28.29679004,28.26138645
11/5/2024,0,hort,1.8,n,Hort1.8No,3,0,26.07404262,26.07404262
11/5/2024,0,hort,1.8,n,Hort1.8No,4,0.036169581,27.98969102,27.95259401
11/5/2024,0,hort,3.6,y,Hort3.6Yes,1,-0.07149417,34.60807534,34.67956951
11/5/2024,0,hort,3.6,y,Hort3.6Yes,2,0.145269693,37.78484334,37.63957365
11/5/2024,0,hort,3.6,y,Hort3.6Yes,3,0.398991781,38.54065973,38.1406948
11/5/2024,0,hort,3.6,y,Hort3.6Yes,4,0.361103302,36.44794716,36.08684386
11/5/2024,0,hort,3.6,n,Hort3.6No,1,-0.070681894,34.21487799,34.28555989
11/5/2024,0,hort,3.6,n,Hort3.6No,2,0.14272,37.12166486,36.97894486
11/5/2024,0,hort,3.6,n,Hort3.6No,3,0.397688385,38.41475807,38.01609972
11/5/2024,0,hort,3.6,n,Hort3.6No,4,0.358026822,36.13742274,35.77939592
11/5/2024,0,bcbf,0,y,BCBF0Yes,1,0.074932104,39.20467957,39.12974747
11/5/2024,0,bcbf,0,y,BCBF0Yes,2,0.070938144,43.19930309,43.12735155
11/5/2024,0,bcbf,0,y,BCBF0Yes,3,0.18848,41.9368,41.74832
11/5/2024,0,bcbf,0,y,BCBF0Yes,4,0.272586826,43.00511497,42.73252814
11/5/2024,0,bcbf,0,n,BCBF0No,1,0.074069267,38.75324056,38.67917129
11/5/2024,0,bcbf,0,n,BCBF0No,2,0.070062407,42.66600416,42.59494086
11/5/2024,0,bcbf,0,n,BCBF0No,3,0.186270742,41.44524017,41.25896943
11/5/2024,0,bcbf,0,n,BCBF0No,4,0.270082949,42.61008664,42.34000369
11/5/2024,0,bcbf,1.8,y,BCBF1.8Yes,1,0.105744564,46.31509219,46.21037427
11/5/2024,0,bcbf,1.8,y,BCBF1.8Yes,2,0.026800648,43.92523177,43.89843112
11/5/2024,0,bcbf,1.8,y,BCBF1.8Yes,3,0.074694737,41.78444327,41.70974854
11/5/2024,0,bcbf,1.8,y,BCBF1.8Yes,4,0.126888263,51.1400964,51.01320814
11/5/2024,0,bcbf,1.8,n,BCBF1.8No,1,0.104861446,45.92829518,45.82445181
11/5/2024,0,bcbf,1.8,n,BCBF1.8No,2,0.026408672,43.28279783,43.25638916
11/5/2024,0,bcbf,1.8,n,BCBF1.8No,3,0.073629129,41.18833914,41.11471001
11/5/2024,0,bcbf,1.8,n,BCBF1.8No,4,0.125560181,50.6048362,50.47927602
11/5/2024,0,bcbf,3.6,y,BCBF3.6Yes,1,0.493866667,39.6328,39.13893333
11/5/2024,0,bcbf,3.6,y,BCBF3.6Yes,2,0.065994554,49.10716611,49.04117156
11/5/2024,0,bcbf,3.6,y,BCBF3.6Yes,3,0.12333515,53.44009264,53.31675749
11/5/2024,0,bcbf,3.6,y,BCBF3.6Yes,4,0.168449211,45.77401893,45.60556972
11/5/2024,0,bcbf,3.6,n,BCBF3.6No,1,0.486744395,39.06123767,38.57449327
11/5/2024,0,bcbf,3.6,n,BCBF3.6No,2,0.064922884,48.30972665,48.24480376
11/5/2024,0,bcbf,3.6,n,BCBF3.6No,3,0.122142209,52.92320121,52.801059
11/5/2024,0,bcbf,3.6,n,BCBF3.6No,4,0.16648408,45.24001855,45.07353447
11/5/2024,0,paul,0,y,Paul0Yes,1,0.257191241,32.71967183,32.46248058
11/5/2024,0,paul,0,y,Paul0Yes,2,0.191937215,33.69091747,33.49898025
11/5/2024,0,paul,0,y,Paul0Yes,3,0.104660709,39.46696086,39.36230015
11/5/2024,0,paul,0,y,Paul0Yes,4,0.045410432,39.02039463,38.9749842
11/5/2024,0,paul,0,n,Paul0No,1,0.251853587,32.04061962,31.78876603
11/5/2024,0,paul,0,n,Paul0No,2,0.188901798,33.15810788,32.96920609
11/5/2024,0,paul,0,n,Paul0No,3,0.103164331,38.90268535,38.79952102
11/5/2024,0,paul,0,n,Paul0No,4,0.045001143,38.66869943,38.62369829
11/5/2024,0,paul,1.8,y,Paul1.8Yes,1,0.282377745,36.1600937,35.87869985
11/5/2024,0,paul,1.8,y,Paul1.8Yes,2,0.05092511,33.44381791,33.3928928
11/5/2024,0,paul,1.8,y,Paul1.8Yes,3,0.122705783,32.92572186,32.80400564
11/5/2024,0,paul,1.8,y,Paul1.8Yes,4,0.036670623,33.26719288,33.23052226
11/5/2024,0,paul,1.8,n,Paul1.8No,1,0.279992727,35.85467844,35.5756613
11/5/2024,0,paul,1.8,n,Paul1.8No,2,0.049784615,32.69482594,32.64504133
11/5/2024,0,paul,1.8,n,Paul1.8No,3,0.121323741,32.5548777,32.43453237
11/5/2024,0,paul,1.8,n,Paul1.8No,4,0.036569767,33.17569767,33.13912791
11/5/2024,0,paul,3.6,y,Paul3.6Yes,1,-0.026247012,29.5405259,29.56677291
11/5/2024,0,paul,3.6,y,Paul3.6Yes,2,0.015605731,33.12121261,33.10560688
11/5/2024,0,paul,3.6,y,Paul3.6Yes,3,0.097636888,35.91182363,35.81418674
11/5/2024,0,paul,3.6,y,Paul3.6Yes,4,0.128352338,36.29333816,36.16498582
11/5/2024,0,paul,3.6,n,Paul3.6No,1,-0.025961826,29.21955408,29.24551591
11/5/2024,0,paul,3.6,n,Paul3.6No,2,0.015371098,32.62323468,32.60786358
11/5/2024,0,paul,3.6,n,Paul3.6No,3,0.096410256,35.46065641,35.36424615
11/5/2024,0,paul,3.6,n,Paul3.6No,4,0.126380818,35.7358646,35.60948378
11/20/2024,14,hort,0,y,Hort0Yes,1,0.214915352,47.47568436,47.26273171
11/20/2024,14,hort,0,y,Hort0Yes,2,0.087553648,43.47816881,43.39158798
11/20/2024,14,hort,0,y,Hort0Yes,3,0.168270504,43.91568345,43.74838561
11/20/2024,14,hort,0,y,Hort0Yes,4,0.180920197,38.30186995,38.12191724
11/20/2024,14,hort,0,n,Hort0No,1,0.193008801,44.41795083,44.22590227
11/20/2024,14,hort,0,n,Hort0No,2,0.225970488,45.54592509,45.32090806
11/20/2024,14,hort,0,n,Hort0No,3,0.161865031,42.31342331,42.15346258
11/20/2024,14,hort,0,n,Hort0No,4,0.088628321,45.4996835,45.41105518
11/20/2024,14,hort,1.8,y,Hort1.8Yes,1,0.046185641,34.93708103,34.89183795
11/20/2024,14,hort,1.8,y,Hort1.8Yes,2,0.071623922,37.31794826,37.24726676
11/20/2024,14,hort,1.8,y,Hort1.8Yes,3,0.12833635,38.15175474,38.02436204
11/20/2024,14,hort,1.8,y,Hort1.8Yes,4,0.092440385,35.44617116,35.35467404
11/20/2024,14,hort,1.8,n,Hort1.8No,1,0.120907602,41.71312281,41.59314526
11/20/2024,14,hort,1.8,n,Hort1.8No,2,0.136024343,40.97034578,40.83525311
11/20/2024,14,hort,1.8,n,Hort1.8No,3,0.138252459,39.41958033,39.28225574
11/20/2024,14,hort,1.8,n,Hort1.8No,4,0.170646228,40.96158659,40.79094036
11/20/2024,14,hort,3.6,y,Hort3.6Yes,1,0.247781166,3.999756054,3.75295426
11/20/2024,14,hort,3.6,y,Hort3.6Yes,2,0.264037482,10.57229634,10.30924041
11/20/2024,14,hort,3.6,y,Hort3.6Yes,3,0.219932055,7.625608767,7.406649863
11/20/2024,14,hort,3.6,y,Hort3.6Yes,4,0.053822985,8.033325231,7.979502245
11/20/2024,14,hort,3.6,n,Hort3.6No,1,0.107475209,47.87778496,47.771278
11/20/2024,14,hort,3.6,n,Hort3.6No,2,0.152363243,47.57783351,47.42643459
11/20/2024,14,hort,3.6,n,Hort3.6No,3,0.256072521,46.05813484,45.80206232
11/20/2024,14,hort,3.6,n,Hort3.6No,4,0.177558017,51.76058775,51.58302974
11/20/2024,14,bcbf,0,y,BCBF0Yes,1,0.172141321,65.4886341,65.31750538
11/20/2024,14,bcbf,0,y,BCBF0Yes,2,0.189506186,58.96175876,58.77326598
11/20/2024,14,bcbf,0,y,BCBF0Yes,3,0.113493333,60.97226667,60.85978667
11/20/2024,14,bcbf,0,y,BCBF0Yes,4,0.162542515,64.4576982,64.29515569
11/20/2024,14,bcbf,0,n,BCBF0No,1,0.235219969,66.5041922,66.26997317
11/20/2024,14,bcbf,0,n,BCBF0No,2,0.190169391,63.01613076,62.82796315
11/20/2024,14,bcbf,0,n,BCBF0No,3,0.215312955,69.49801456,69.28370306
11/20/2024,14,bcbf,0,n,BCBF0No,4,0.141043318,70.58067711,70.4406341
11/20/2024,14,bcbf,1.8,y,BCBF1.8Yes,1,0.074945176,61.3616196,61.28770107
11/20/2024,14,bcbf,1.8,y,BCBF1.8Yes,2,0.112356564,56.72254133,56.61224635
11/20/2024,14,bcbf,1.8,y,BCBF1.8Yes,3,0.13382807,62.2134538,62.08170058
11/20/2024,14,bcbf,1.8,y,BCBF1.8Yes,4,0.149583725,64.23640939,64.08785728
11/20/2024,14,bcbf,1.8,n,BCBF1.8No,1,0.176126506,74.28568072,74.11057229
11/20/2024,14,bcbf,1.8,n,BCBF1.8No,2,0.216347967,70.84735718,70.63202493
11/20/2024,14,bcbf,1.8,n,BCBF1.8No,3,0.238272042,52.56813004,52.33190325
11/20/2024,14,bcbf,1.8,n,BCBF1.8No,4,0.281744796,56.46839457,56.18767059
11/20/2024,14,bcbf,3.6,y,BCBF3.6Yes,1,0.153304444,59.55826222,59.40598667
11/20/2024,14,bcbf,3.6,y,BCBF3.6Yes,2,0.270165204,61.17488896,60.90575492
11/20/2024,14,bcbf,3.6,y,BCBF3.6Yes,3,0.217892098,63.07667902,62.85981471
11/20/2024,14,bcbf,3.6,y,BCBF3.6Yes,4,0.273216404,61.36584227,61.093653
11/20/2024,14,bcbf,3.6,n,BCBF3.6No,1,0.41880299,68.10872347,67.69093453
11/20/2024,14,bcbf,3.6,n,BCBF3.6No,2,0.15622069,67.23170408,67.07548339
11/20/2024,14,bcbf,3.6,n,BCBF3.6No,3,0.15776702,73.95914311,73.80239395
11/20/2024,14,bcbf,3.6,n,BCBF3.6No,4,0.32992272,55.86251499,55.53360742
11/20/2024,14,paul,0,y,Paul0Yes,1,0.259169635,55.61167066,55.35349022
11/20/2024,14,paul,0,y,Paul0Yes,2,0.277022785,56.1159119,55.83888912
11/20/2024,14,paul,0,y,Paul0Yes,3,0.164889985,58.92595378,58.76106379
11/20/2024,14,paul,0,y,Paul0Yes,4,0.198423845,58.70186826,58.50443159
11/20/2024,14,paul,0,n,Paul0No,1,0.153049488,53.03067877,52.87859795
11/20/2024,14,paul,0,n,Paul0No,2,0.210323651,62.95201106,62.74266113
11/20/2024,14,paul,0,n,Paul0No,3,0.062287898,54.09995924,54.03767134
11/20/2024,14,paul,0,n,Paul0No,4,0.165330286,60.58229943,60.41794743
11/20/2024,14,paul,1.8,y,Paul1.8Yes,1,0.177101025,27.07382723,26.8977101
11/20/2024,14,paul,1.8,y,Paul1.8Yes,2,0.128810573,20.98314244,20.8553304
11/20/2024,14,paul,1.8,y,Paul1.8Yes,3,0.130622285,16.46929309,16.33966037
11/20/2024,14,paul,1.8,y,Paul1.8Yes,4,0.345893175,29.918273,29.57337092
11/20/2024,14,paul,1.8,n,Paul1.8No,1,0.069266494,49.75870753,49.69041662
11/20/2024,14,paul,1.8,n,Paul1.8No,2,0.103473906,47.47011885,47.36762112
11/20/2024,14,paul,1.8,n,Paul1.8No,3,0.147741007,43.44466187,43.29789928
11/20/2024,14,paul,1.8,n,Paul1.8No,4,0.15122093,48.54784884,48.39860465
11/20/2024,14,paul,3.6,y,Paul3.6Yes,1,0.248860558,48.25464542,48.00772908
11/20/2024,14,paul,3.6,y,Paul3.6Yes,2,0.248716332,54.27575587,54.0280149
11/20/2024,14,paul,3.6,y,Paul3.6Yes,3,0.228470317,49.46870548,49.24121153
11/20/2024,14,paul,3.6,y,Paul3.6Yes,4,0.110716139,46.48314208,46.37340573
11/20/2024,14,paul,3.6,n,Paul3.6No,1,0.360580913,56.60447248,56.24485311
11/20/2024,14,paul,3.6,n,Paul3.6No,2,0.831960694,59.9828289,59.1518289
11/20/2024,14,paul,3.6,n,Paul3.6No,3,0.158112821,60.17638974,60.01924102
11/20/2024,14,paul,3.6,n,Paul3.6No,4,0.294245416,55.86611001,55.57282934
12/4/2024,28,hort,0,y,Hort0Yes,1,0.071638451,52.73473171,52.66309326
12/4/2024,28,hort,0,y,Hort0Yes,2,0.003891273,57.33207439,57.32818312
12/4/2024,28,hort,0,y,Hort0Yes,3,-0.075867626,53.51002014,53.58588777
12/4/2024,28,hort,0,y,Hort0Yes,4,0.01257734,51.52065419,51.50807685
12/4/2024,28,hort,0,n,Hort0No,1,0.122911077,51.33938088,51.21550956
12/4/2024,28,hort,0,n,Hort0No,2,-0.007627696,47.79132804,47.79990919
12/4/2024,28,hort,0,n,Hort0No,3,-0.008569325,55.37783558,55.38640491
12/4/2024,28,hort,0,n,Hort0No,4,0.08481635,57.94005022,57.85523387
12/4/2024,28,hort,1.8,y,Hort1.8Yes,1,0.121590769,50.76367487,50.64114154
12/4/2024,28,hort,1.8,y,Hort1.8Yes,2,0.043351321,52.90086342,52.8575121
12/4/2024,28,hort,1.8,y,Hort1.8Yes,3,0.07737927,50.47015708,50.39277781
12/4/2024,28,hort,1.8,y,Hort1.8Yes,4,0.203746154,52.03544712,51.83170096
12/4/2024,28,hort,1.8,n,Hort1.8No,1,0.039992515,49.1814924,49.14149988
12/4/2024,28,hort,1.8,n,Hort1.8No,2,0.146272752,45.54113638,45.39486362
12/4/2024,28,hort,1.8,n,Hort1.8No,3,0.081652459,54.02701967,53.94536721
12/4/2024,28,hort,1.8,n,Hort1.8No,4,0.053790659,53.86856239,53.81477174
12/4/2024,28,hort,3.6,y,Hort3.6Yes,1,0.17824574,19.40038386,19.22213812
12/4/2024,28,hort,3.6,y,Hort3.6Yes,2,0.244406442,25.38293411,25.13852767
12/4/2024,28,hort,3.6,y,Hort3.6Yes,3,0.238421918,19.98072986,19.74230795
12/4/2024,28,hort,3.6,y,Hort3.6Yes,4,0.150704359,24.19881427,24.04810991
12/4/2024,28,hort,3.6,n,Hort3.6No,1,0.090046797,60.98588747,60.89584067
12/4/2024,28,hort,3.6,n,Hort3.6No,2,0.130183784,62.63575784,62.50557405
12/4/2024,28,hort,3.6,n,Hort3.6No,3,0.148405666,60.62128952,60.47191388
12/4/2024,28,hort,3.6,n,Hort3.6No,4,0.151360933,63.26207813,63.1107172
12/4/2024,28,bcbf,0,y,BCBF0Yes,1,0.177204301,70.60021874,70.42402704
12/4/2024,28,bcbf,0,y,BCBF0Yes,2,0.099313402,80.34758247,80.24826907
12/4/2024,28,bcbf,0,y,BCBF0Yes,3,0.129706667,85.15344,85.02272
12/4/2024,28,bcbf,0,y,BCBF0Yes,4,0.208983234,80.58474251,80.3747497
12/4/2024,28,bcbf,0,n,BCBF0No,1,0.299279875,74.00220406,73.70292418
12/4/2024,28,bcbf,0,n,BCBF0No,2,0.147131055,69.46787756,69.32074651
12/4/2024,28,bcbf,0,n,BCBF0No,3,0.236343523,77.27331587,77.03697234
12/4/2024,28,bcbf,0,n,BCBF0No,4,0.11503533,84.13584025,84.02080492
12/4/2024,28,bcbf,1.8,y,BCBF1.8Yes,1,0.174529862,79.91825054,79.74269403
12/4/2024,28,bcbf,1.8,y,BCBF1.8Yes,2,0.187604538,82.35426904,82.1676953
12/4/2024,28,bcbf,1.8,y,BCBF1.8Yes,3,0.44194386,76.41790292,75.97595906
12/4/2024,28,bcbf,1.8,y,BCBF1.8Yes,4,0.439466667,82.02036682,81.58090016
12/4/2024,28,bcbf,1.8,n,BCBF1.8No,1,0.149656627,92.94287349,92.79423494
12/4/2024,28,bcbf,1.8,n,BCBF1.8No,2,0.068053117,87.96931816,87.90126504
12/4/2024,28,bcbf,1.8,n,BCBF1.8No,3,0.224977893,94.19517607,93.96917555
12/4/2024,28,bcbf,1.8,n,BCBF1.8No,4,0.129643439,92.18158914,92.0519457
12/4/2024,28,bcbf,3.6,y,BCBF3.6Yes,1,0.323071111,84.96255778,84.63948667
12/4/2024,28,bcbf,3.6,y,BCBF3.6Yes,2,0.282539183,78.64385356,78.36131437
12/4/2024,28,bcbf,3.6,y,BCBF3.6Yes,3,0.120251771,86.56483052,86.44457875
12/4/2024,28,bcbf,3.6,y,BCBF3.6Yes,4,0.0770347,84.00685426,83.92981956
12/4/2024,28,bcbf,3.6,n,BCBF3.6No,1,0.162248132,89.22328969,89.06104156
12/4/2024,28,bcbf,3.6,n,BCBF3.6No,2,0.225201254,86.96318872,86.73798746
12/4/2024,28,bcbf,3.6,n,BCBF3.6No,3,0.225963086,91.18424811,90.95828502
12/4/2024,28,bcbf,3.6,n,BCBF3.6No,4,0.674057496,89.52985966,88.85580216
12/4/2024,28,paul,0,y,Paul0Yes,1,0.292802336,75.06225285,74.76945051
12/4/2024,28,paul,0,y,Paul0Yes,2,0.204798987,74.96038684,74.75459848
12/4/2024,28,paul,0,y,Paul0Yes,3,0.187599384,72.08950632,71.90190693
12/4/2024,28,paul,0,y,Paul0Yes,4,0.194475112,77.33100447,77.13652936
12/4/2024,28,paul,0,n,Paul0No,1,0.148206149,72.99879356,72.85058741
12/4/2024,28,paul,0,n,Paul0No,2,0.143136929,72.13614384,71.99398064
12/4/2024,28,paul,0,n,Paul0No,3,0.213141401,71.60577835,71.39263695
12/4/2024,28,paul,0,n,Paul0No,4,0.153590857,79.60995657,79.45636572
12/4/2024,28,paul,1.8,y,Paul1.8Yes,1,0.182020498,44.67176574,44.48974524
12/4/2024,28,paul,1.8,y,Paul1.8Yes,2,0.358472834,23.61726872,23.25779736
12/4/2024,28,paul,1.8,y,Paul1.8Yes,3,0.239474189,24.33037969,24.08991594
12/4/2024,28,paul,1.8,y,Paul1.8Yes,4,0.255703264,39.95611276,39.7004095
12/4/2024,28,paul,1.8,n,Paul1.8No,1,0.215604156,57.78386494,57.56826078
12/4/2024,28,paul,1.8,n,Paul1.8No,2,0.192305279,54.30134902,54.10904374
12/4/2024,28,paul,1.8,n,Paul1.8No,3,0.260258993,59.58658993,59.32633093
12/4/2024,28,paul,1.8,n,Paul1.8No,4,0.251046512,59.40116279,59.15110465
12/4/2024,28,paul,3.6,y,Paul3.6Yes,1,0.425784861,68.4629004,68.03808765
12/4/2024,28,paul,3.6,y,Paul3.6Yes,2,0.364783954,72.39400917,72.02922521
12/4/2024,28,paul,3.6,y,Paul3.6Yes,3,0.341729107,72.04918847,71.70745937
12/4/2024,28,paul,3.6,y,Paul3.6Yes,4,0.858295023,74.46787089,73.60957587
12/4/2024,28,paul,3.6,n,Paul3.6No,1,0.223079391,71.88637234,71.66329295
12/4/2024,28,paul,3.6,n,Paul3.6No,2,0.265151445,66.18987052,65.92471907
12/4/2024,28,paul,3.6,n,Paul3.6No,3,0.265128205,64.60836923,64.34324102
12/4/2024,28,paul,3.6,n,Paul3.6No,4,0.182335684,67.79800282,67.61566714
1/8/2025,63,hort,0,y,Hort0Yes,1,0.477043236,66.83821478,66.64663877
1/8/2025,63,hort,0,y,Hort0Yes,2,0.466666667,69.8460189,69.74682861
1/8/2025,63,hort,0,y,Hort0Yes,3,0.465575403,66.6177265,66.51614641
1/8/2025,63,hort,0,y,Hort0Yes,4,0.466163758,66.33745718,66.22538953
1/8/2025,63,hort,0,n,Hort0No,1,0.459555556,72.1353679,72.02581729
1/8/2025,63,hort,0,n,Hort0No,2,0.454513987,71.22297935,71.08179765
1/8/2025,63,hort,0,n,Hort0No,3,0.464348261,70.88772072,70.71532796
1/8/2025,63,hort,0,n,Hort0No,4,0.461638095,61.6583492,61.52022857
1/8/2025,63,hort,1.8,y,Hort1.8Yes,1,0.457482449,67.51632544,67.38404136
1/8/2025,63,hort,1.8,y,Hort1.8Yes,2,0.46077986,69.15560728,68.9845393
1/8/2025,63,hort,1.8,y,Hort1.8Yes,3,0.472850919,65.22950834,64.92960679
1/8/2025,63,hort,1.8,y,Hort1.8Yes,4,0.480603944,65.41716732,65.00626929
1/8/2025,63,hort,1.8,n,Hort1.8No,1,0.468250746,66.9335403,66.60776119
1/8/2025,63,hort,1.8,n,Hort1.8No,2,0.452389048,62.7604193,62.58198696
1/8/2025,63,hort,1.8,n,Hort1.8No,3,0.451356047,64.99707256,64.83851236
1/8/2025,63,hort,1.8,n,Hort1.8No,4,0.445263329,65.21750257,65.14962707
1/8/2025,63,hort,3.6,y,Hort3.6Yes,1,0.464754318,48.4237883,48.37911866
1/8/2025,63,hort,3.6,y,Hort3.6Yes,2,0.467904788,41.59597483,41.52464788
1/8/2025,63,hort,3.6,y,Hort3.6Yes,3,0.474956662,48.44367591,48.29043338
1/8/2025,63,hort,3.6,y,Hort3.6Yes,4,0.484583051,47.6332565,47.45238418
1/8/2025,63,hort,3.6,n,Hort3.6No,1,0.460974462,68.84483558,68.81082927
1/8/2025,63,hort,3.6,n,Hort3.6No,2,0.460433957,73.16662792,73.11954878
1/8/2025,63,hort,3.6,n,Hort3.6No,3,0.459392179,77.49076425,77.48036648
1/8/2025,63,hort,3.6,n,Hort3.6No,4,0.469030904,76.58832886,76.44075802
1/8/2025,63,bcbf,0,y,BCBF0Yes,1,0.489310345,94.90445977,94.78682759
1/8/2025,63,bcbf,0,y,BCBF0Yes,2,0.495923919,100.0808058,99.89409337
1/8/2025,63,bcbf,0,y,BCBF0Yes,3,0.494409938,98.21947826,98.04544596
1/8/2025,63,bcbf,0,y,BCBF0Yes,4,0.493068927,93.83786215,93.70591413
1/8/2025,63,bcbf,0,n,BCBF0No,1,0.494078134,96.86557434,96.60589154
1/8/2025,63,bcbf,0,n,BCBF0No,2,0.504936667,89.91486333,89.55740333
1/8/2025,63,bcbf,0,n,BCBF0No,3,0.483812839,98.07285364,97.93656833
1/8/2025,63,bcbf,0,n,BCBF0No,4,0.488043049,103.4427659,103.2580484
1/8/2025,63,bcbf,1.8,y,BCBF1.8Yes,1,0.501495,97.79454,97.63374
1/8/2025,63,bcbf,1.8,y,BCBF1.8Yes,2,0.50485142,101.8894756,101.6953794
1/8/2025,63,bcbf,1.8,y,BCBF1.8Yes,3,0.508374026,97.63419567,97.45459048
1/8/2025,63,bcbf,1.8,y,BCBF1.8Yes,4,0.503770739,100.5959638,100.4266968
1/8/2025,63,bcbf,1.8,n,BCBF1.8No,1,0.491283357,104.2584834,104.1570443
1/8/2025,63,bcbf,1.8,n,BCBF1.8No,2,0.496131602,101.7468283,101.5944023
1/8/2025,63,bcbf,1.8,n,BCBF1.8No,3,0.500188095,111.3214214,111.1660524
1/8/2025,63,bcbf,1.8,n,BCBF1.8No,4,0.495742129,107.9746387,107.8594663
1/8/2025,63,bcbf,3.6,y,BCBF3.6Yes,1,0.499547511,106.2297774,106.0589321
1/8/2025,63,bcbf,3.6,y,BCBF3.6Yes,2,0.504224561,104.8607719,104.627593
1/8/2025,63,bcbf,3.6,y,BCBF3.6Yes,3,0.499988906,107.7157374,107.5205226
1/8/2025,63,bcbf,3.6,y,BCBF3.6Yes,4,0.49996701,105.075901,104.899266
1/8/2025,63,bcbf,3.6,n,BCBF3.6No,1,0.500501302,110.7644851,110.508323
1/8/2025,63,bcbf,3.6,n,BCBF3.6No,2,0.488814118,108.6318071,108.4950965
1/8/2025,63,bcbf,3.6,n,BCBF3.6No,3,0.492317117,113.5611483,113.4118715
1/8/2025,63,bcbf,3.6,n,BCBF3.6No,4,0.496233284,92.91424565,92.7204972
1/8/2025,63,paul,0,y,Paul0Yes,1,0.478753541,86.43990935,86.27330312
1/8/2025,63,paul,0,y,Paul0Yes,2,0.470924668,86.47210635,86.39457607
1/8/2025,63,paul,0,y,Paul0Yes,3,0.483438202,93.51609438,93.30357304
1/8/2025,63,paul,0,y,Paul0Yes,4,0.46609838,83.33248071,83.28672872
1/8/2025,63,paul,0,n,Paul0No,1,0.467063014,86.57555507,86.46987616
1/8/2025,63,paul,0,n,Paul0No,2,0.474965035,96.31056,96.14337231
1/8/2025,63,paul,0,n,Paul0No,3,0.473006208,89.89203346,89.74321187
1/8/2025,63,paul,0,n,Paul0No,4,0.474792244,93.80090526,93.6394759
1/8/2025,63,paul,1.8,y,Paul1.8Yes,1,0.476453878,57.06826775,56.92571428
1/8/2025,63,paul,1.8,y,Paul1.8Yes,2,0.474585337,27.12868974,27.06392962
1/8/2025,63,paul,1.8,y,Paul1.8Yes,3,0.479631407,41.49820919,41.34538074
1/8/2025,63,paul,1.8,y,Paul1.8Yes,4,0.474039598,61.92464161,61.79110933
1/8/2025,63,paul,1.8,n,Paul1.8No,1,0.46957377,76.93231038,76.82132022
1/8/2025,63,paul,1.8,n,Paul1.8No,2,0.469313966,73.34625252,73.25867263
1/8/2025,63,paul,1.8,n,Paul1.8No,3,0.463743956,62.7970011,62.75717033
1/8/2025,63,paul,1.8,n,Paul1.8No,4,0.469244567,72.39301238,72.26743989
1/8/2025,63,paul,3.6,y,Paul3.6Yes,1,0.468802228,85.68852367,85.58245125
1/8/2025,63,paul,3.6,y,Paul3.6Yes,2,0.469985014,87.27318501,87.15663631
1/8/2025,63,paul,3.6,y,Paul3.6Yes,3,0.473040462,90.34124856,90.19146821
1/8/2025,63,paul,3.6,y,Paul3.6Yes,4,0.469954098,89.57306011,89.49473442
1/8/2025,63,paul,3.6,n,Paul3.6No,1,0.46701989,85.88673591,85.74166962
1/8/2025,63,paul,3.6,n,Paul3.6No,2,0.472685867,90.9586688,90.77166187
1/8/2025,63,paul,3.6,n,Paul3.6No,3,0.46597341,91.60643468,91.47986243
1/8/2025,63,paul,3.6,n,Paul3.6No,4,0.460447826,80.86287391,80.78519674
2/5/2025,91,hort,0,y,Hort0Yes,1,0.438158996,67.35224546,66.91503486
2/5/2025,91,hort,0,y,Hort0Yes,2,0.553576248,73.86558705,73.3120108
2/5/2025,91,hort,0,y,Hort0Yes,3,0.067720059,76.27253763,76.20481757
2/5/2025,91,hort,0,y,Hort0Yes,4,0.367280537,70.21838819,69.85110765
2/5/2025,91,hort,0,n,Hort0No,1,0.050133333,73.83897284,73.7897679
2/5/2025,91,hort,0,n,Hort0No,2,0.08379817,76.13336993,76.04957176
2/5/2025,91,hort,0,n,Hort0No,3,0.093611127,78.34139082,78.24870654
2/5/2025,91,hort,0,n,Hort0No,4,0.165003175,73.21506032,73.05005714
2/5/2025,91,hort,1.8,y,Hort1.8Yes,1,0.341733878,68.64533333,68.30268081
2/5/2025,91,hort,1.8,y,Hort1.8Yes,2,0.199579301,74.3492677,74.14968839
2/5/2025,91,hort,1.8,y,Hort1.8Yes,3,0.086474682,70.36279264,70.27631796
2/5/2025,91,hort,1.8,y,Hort1.8Yes,4,0.125654085,69.10699493,68.98134084
2/5/2025,91,hort,1.8,n,Hort1.8No,1,0.179677612,69.05246567,68.87278806
2/5/2025,91,hort,1.8,n,Hort1.8No,2,0.102733768,75.69405997,75.59222738
2/5/2025,91,hort,1.8,n,Hort1.8No,3,0.371175033,69.89982627,69.52955215
2/5/2025,91,hort,1.8,n,Hort1.8No,4,0.381912855,70.18598972,69.80407686
2/5/2025,91,hort,3.6,y,Hort3.6Yes,1,0.072231755,59.88392646,59.81074429
2/5/2025,91,hort,3.6,y,Hort3.6Yes,2,0.191156224,58.4262818,58.23512558
2/5/2025,91,hort,3.6,y,Hort3.6Yes,3,0.205592463,62.52200054,62.31640807
2/5/2025,91,hort,3.6,y,Hort3.6Yes,4,0.409138983,58.82606102,58.41692203
2/5/2025,91,hort,3.6,n,Hort3.6No,1,0.18703472,86.64336183,86.45632711
2/5/2025,91,hort,3.6,n,Hort3.6No,2,0.119581007,84.01931051,83.8997295
2/5/2025,91,hort,3.6,n,Hort3.6No,3,0.142732961,82.82009162,82.67735866
2/5/2025,91,hort,3.6,n,Hort3.6No,4,0.093994169,78.98893994,78.89494577
2/5/2025,91,bcbf,0,y,BCBF0Yes,1,0.427034483,102.1077011,101.6806667
2/5/2025,91,bcbf,0,y,BCBF0Yes,2,0.148184438,110.0032357,109.8550513
2/5/2025,91,bcbf,0,y,BCBF0Yes,3,0.16315528,115.6256745,115.4625193
2/5/2025,91,bcbf,0,y,BCBF0Yes,4,0.107145763,109.7053559,109.5982102
2/5/2025,91,bcbf,0,n,BCBF0No,1,0.382229738,100.6236805,100.2414507
2/5/2025,91,bcbf,0,n,BCBF0No,2,0.238306667,77.61765333,77.37934666
2/5/2025,91,bcbf,0,n,BCBF0No,3,0.153807703,111.7539515,111.6001438
2/5/2025,91,bcbf,0,n,BCBF0No,4,0.164301345,114.6473399,114.4830386
2/5/2025,91,bcbf,1.8,y,BCBF1.8Yes,1,0.18894,89.27013,89.08119
2/5/2025,91,bcbf,1.8,y,BCBF1.8Yes,2,0.150852018,79.82585949,79.6740018
2/5/2025,91,bcbf,1.8,y,BCBF1.8Yes,3,0.196855411,119.5632797,119.367439
2/5/2025,91,bcbf,1.8,y,BCBF1.8Yes,4,0.200500754,116.3690256,116.1685249
2/5/2025,91,bcbf,1.8,n,BCBF1.8No,1,0.445536324,103.8696336,103.4240973
2/5/2025,91,bcbf,1.8,n,BCBF1.8No,2,0.241092063,91.51237056,91.2712785
2/5/2025,91,bcbf,1.8,n,BCBF1.8No,3,0.134319048,126.0884976,125.9541786
2/5/2025,91,bcbf,1.8,n,BCBF1.8No,4,0.616923538,107.5910645,106.9741409
2/5/2025,91,bcbf,3.6,y,BCBF3.6Yes,1,0.858222624,97.1929629,96.33474027
2/5/2025,91,bcbf,3.6,y,BCBF3.6Yes,2,0.886877193,102.3645614,101.4776842
2/5/2025,91,bcbf,3.6,y,BCBF3.6Yes,3,0.182266872,94.47698736,94.29472049
2/5/2025,91,bcbf,3.6,y,BCBF3.6Yes,4,0.729492783,104.2685691,103.5390763
2/5/2025,91,bcbf,3.6,n,BCBF3.6No,1,0.227590159,104.7939381,104.5663479
2/5/2025,91,bcbf,3.6,n,BCBF3.6No,2,0.10032,85.52673412,85.42641412
2/5/2025,91,bcbf,3.6,n,BCBF3.6No,3,0.50418018,101.3155015,100.8123099
2/5/2025,91,bcbf,3.6,n,BCBF3.6No,4,0.499198822,104.7388324,104.2396336
2/5/2025,91,paul,0,y,Paul0Yes,1,0.307359773,91.84503683,91.53767705
2/5/2025,91,paul,0,y,Paul0Yes,2,0.528354505,99.16697193,98.63861743
2/5/2025,91,paul,0,y,Paul0Yes,3,0.321653933,96.31716405,95.99646742
2/5/2025,91,paul,0,y,Paul0Yes,4,0.182054786,104.1505885,103.9685337
2/5/2025,91,paul,0,n,Paul0No,1,0.167010411,97.12363069,96.95662027
2/5/2025,91,paul,0,n,Paul0No,2,0.627903776,97.78105175,97.15314797
2/5/2025,91,paul,0,n,Paul0No,3,0.122280162,102.1115185,101.9901862
2/5/2025,91,paul,0,n,Paul0No,4,0.207009418,108.1377319,107.931672
2/5/2025,91,paul,1.8,y,Paul1.8Yes,1,0.773998367,73.00746775,72.23346938
2/5/2025,91,paul,1.8,y,Paul1.8Yes,2,0.371162463,42.69044927,42.32025337
2/5/2025,91,paul,1.8,y,Paul1.8Yes,3,0.167246222,53.26696059,53.09971437
2/5/2025,91,paul,1.8,y,Paul1.8Yes,4,0.431118508,72.33539053,71.90331822
2/5/2025,91,paul,1.8,n,Paul1.8No,1,0.160319126,89.27498579,89.11371803
2/5/2025,91,paul,1.8,n,Paul1.8No,2,0.117090503,89.93026592,89.81317542
2/5/2025,91,paul,1.8,n,Paul1.8No,3,0.237087912,79.89009121,79.65300329
2/5/2025,91,paul,1.8,n,Paul1.8No,4,0.454138102,82.66163191,82.20749381
2/5/2025,91,paul,3.6,y,Paul3.6Yes,1,0.217827298,102.138273,101.9213928
2/5/2025,91,paul,3.6,y,Paul3.6Yes,2,0.347751009,93.57155273,93.22380173
2/5/2025,91,paul,3.6,y,Paul3.6Yes,3,0.283445087,105.4444162,105.1609711
2/5/2025,91,paul,3.6,y,Paul3.6Yes,4,0.289422951,100.4593749,100.1699519
2/5/2025,91,paul,3.6,n,Paul3.6No,1,0.29200442,90.67579558,90.38379116
2/5/2025,91,paul,3.6,n,Paul3.6No,2,0.255607467,96.4053632,96.14975574
2/5/2025,91,paul,3.6,n,Paul3.6No,3,0.160324855,99.44266358,99.28233873
2/5/2025,91,paul,3.6,n,Paul3.6No,4,0.262043478,101.2433054,100.9803261
3/12/2025,126,hort,0,y,Hort0Yes,1,-0.036987448,76.53082287,76.56781032
3/12/2025,126,hort,0,y,Hort0Yes,2,-0.050067476,81.7951417,81.84520918
3/12/2025,126,hort,0,y,Hort0Yes,3,-0.094055637,80.78250542,80.87656105
3/12/2025,126,hort,0,y,Hort0Yes,4,-0.099824966,77.95482309,78.05464806
3/12/2025,126,hort,0,n,Hort0No,1,-0.054775309,81.71454815,81.76932346
3/12/2025,126,hort,0,n,Hort0No,2,-0.062848627,78.3294285,78.39136627
3/12/2025,126,hort,0,n,Hort0No,3,-0.042634771,79.06062086,79.10325563
3/12/2025,126,hort,0,n,Hort0No,4,-0.032444444,83.72520635,83.75765079
3/12/2025,126,hort,1.8,y,Hort1.8Yes,1,-0.048687891,74.95271183,75.00139973
3/12/2025,126,hort,1.8,y,Hort1.8Yes,2,0.104848112,76.38001007,76.27516196
3/12/2025,126,hort,1.8,y,Hort1.8Yes,3,0.086474682,73.54487694,73.4593222
3/12/2025,126,hort,1.8,y,Hort1.8Yes,4,0.019260845,79.41613296,79.39687211
3/12/2025,126,hort,1.8,n,Hort1.8No,1,0.000907463,76.19510448,76.19328955
3/12/2025,126,hort,1.8,n,Hort1.8No,2,-0.004505867,73.63217523,73.6366811
3/12/2025,126,hort,1.8,n,Hort1.8No,3,0.022522757,77.25846138,77.23593862
3/12/2025,126,hort,1.8,n,Hort1.8No,4,-0.036200271,74.21145981,74.24856509
3/12/2025,126,hort,3.6,y,Hort3.6Yes,1,-0.061777159,70.45922563,70.5219532
3/12/2025,126,hort,3.6,y,Hort3.6Yes,2,-0.010461286,72.81054993,72.82101122
3/12/2025,126,hort,3.6,y,Hort3.6Yes,3,-0.062819919,71.11024495,71.17306487
3/12/2025,126,hort,3.6,y,Hort3.6Yes,4,-0.054164972,69.84089491,69.89505989
3/12/2025,126,hort,3.6,n,Hort3.6No,1,0.008501578,93.71289641,93.70439483
3/12/2025,126,hort,3.6,n,Hort3.6No,2,0.016948489,95.2533341,95.23638561
3/12/2025,126,hort,3.6,n,Hort3.6No,3,0.003781006,94.752,94.74821899
3/12/2025,126,hort,3.6,n,Hort3.6No,4,-0.004699708,89.33393819,89.3386379
3/12/2025,126,bcbf,0,y,BCBF0Yes,1,0.035586207,116.6931034,116.6575172
3/12/2025,126,bcbf,0,y,BCBF0Yes,2,0.046431124,116.8295988,116.7831677
3/12/2025,126,bcbf,0,y,BCBF0Yes,3,0.015821118,114.0653168,114.0494957
3/12/2025,126,bcbf,0,y,BCBF0Yes,4,-0.006944633,112.2550283,112.2609808
3/12/2025,126,bcbf,0,n,BCBF0No,1,0.049602332,111.273593,111.2239907
3/12/2025,126,bcbf,0,n,BCBF0No,2,0.04395,115.6178,115.57385
3/12/2025,126,bcbf,0,n,BCBF0No,3,0.137258773,114.8641769,114.7269181
3/12/2025,126,bcbf,0,n,BCBF0No,4,0.082636771,116.3866009,116.3039641
3/12/2025,126,bcbf,1.8,y,BCBF1.8Yes,1,0.025125,121.161795,121.13667
3/12/2025,126,bcbf,1.8,y,BCBF1.8Yes,2,-0.010056801,119.5079857,119.5180425
3/12/2025,126,bcbf,1.8,y,BCBF1.8Yes,3,-0.008117749,120.5232035,120.5313212
3/12/2025,126,bcbf,1.8,y,BCBF1.8Yes,4,0.023173454,127.708905,127.684724
3/12/2025,126,bcbf,1.8,n,BCBF1.8No,1,0.079560058,125.3707392,125.2911792
3/12/2025,126,bcbf,1.8,n,BCBF1.8No,2,0.026898701,126.9728289,126.9469264
3/12/2025,126,bcbf,1.8,n,BCBF1.8No,3,0.028066667,129.028481,129.0014167
3/12/2025,126,bcbf,1.8,n,BCBF1.8No,4,0.031046477,130.6926477,130.6626027
3/12/2025,126,bcbf,3.6,y,BCBF3.6Yes,1,0.073933032,123.6739765,123.5990443
3/12/2025,126,bcbf,3.6,y,BCBF3.6Yes,2,0.031887719,125.3506246,125.3187368
3/12/2025,126,bcbf,3.6,y,BCBF3.6Yes,3,0.022907858,131.6514613,131.6285535
3/12/2025,126,bcbf,3.6,y,BCBF3.6Yes,4,0.050894845,126.2311918,126.1802969
3/12/2025,126,bcbf,3.6,n,BCBF3.6No,1,0.103450072,130.3569436,130.2534935
3/12/2025,126,bcbf,3.6,n,BCBF3.6No,2,0.095402353,130.0530776,129.9576753
3/12/2025,126,bcbf,3.6,n,BCBF3.6No,3,0.086007207,128.1339327,128.0479255
3/12/2025,126,bcbf,3.6,n,BCBF3.6No,4,0.012850663,129.1066545,129.0938038
3/12/2025,126,paul,0,y,Paul0Yes,1,0.065110482,107.6515637,107.5874108
3/12/2025,126,paul,0,y,Paul0Yes,2,0.088059084,111.3727267,111.2846677
3/12/2025,126,paul,0,y,Paul0Yes,3,0.048822472,106.5765843,106.5277618
3/12/2025,126,paul,0,y,Paul0Yes,4,0.060049485,113.7937732,113.7327705
3/12/2025,126,paul,0,n,Paul0No,1,0.013209863,106.9904548,106.9772449
3/12/2025,126,paul,0,n,Paul0No,2,0.086443636,112.9124878,112.8269941
3/12/2025,126,paul,0,n,Paul0No,3,0.06445776,108.8473544,108.7828966
3/12/2025,126,paul,0,n,Paul0No,4,0.071218837,112.8410238,112.769805
3/12/2025,126,paul,1.8,y,Paul1.8Yes,1,0.087062857,83.23304816,83.1459853
3/12/2025,126,paul,1.8,y,Paul1.8Yes,2,0.101489736,59.51261466,59.41015836
3/12/2025,126,paul,1.8,y,Paul1.8Yes,3,0.076894815,72.44356622,72.36667141
3/12/2025,126,paul,1.8,y,Paul1.8Yes,4,0.078211765,84.05284821,83.97463644
3/12/2025,126,paul,1.8,n,Paul1.8No,1,0.073993443,96.71512131,96.64017923
3/12/2025,126,paul,1.8,n,Paul1.8No,2,0.063781006,97.7905609,97.72677989
3/12/2025,126,paul,1.8,n,Paul1.8No,3,0.0863,91.71603626,91.62973626
3/12/2025,126,paul,1.8,n,Paul1.8No,4,0.067979092,89.8730806,89.80415736
3/12/2025,126,paul,3.6,y,Paul3.6Yes,1,0.080501393,112.3562674,112.2748189
3/12/2025,126,paul,3.6,y,Paul3.6Yes,2,0.106125648,113.1555251,113.0493994
3/12/2025,126,paul,3.6,y,Paul3.6Yes,3,0.044554913,114.1411561,114.0966012
3/12/2025,126,paul,3.6,y,Paul3.6Yes,4,0.034386885,116.786459,116.7520721
3/12/2025,126,paul,3.6,n,Paul3.6No,1,0.051475138,102.0153006,101.9638254
3/12/2025,126,paul,3.6,n,Paul3.6No,2,0.056384,105.15616,105.099776
3/12/2025,126,paul,3.6,n,Paul3.6No,3,0.101257803,111.6414162,111.5401584
3/12/2025,126,paul,3.6,n,Paul3.6No,4,0.084228261,101.7224707,101.6391783
